0.0001	0.192748833333333	0.235772666666667	0.230870333333333	0.226782666666667	0.267813333333333	0.26675	0.215043333333333	0.231271	0.231444666666667	0.224045333333333	0.237122	0.229890333333333	0.227454666666667	0.240223666666667	0.236465	0.238563666666667	0.233850333333333	0.235045666666667	0.230479	0.224611	0.222656	0.218329333333333	0.220211666666667	0.255945	0.240946333333333
0.0002	0.667947666666667	0.728028333333333	0.720561666666667	0.719592333333333	0.758394	0.760850333333333	0.694738666666667	0.707401	0.715893	0.706445333333333	0.721146666666667	0.718595666666667	0.717850666666667	0.730929666666667	0.722995666666667	0.725871666666667	0.724303666666667	0.719824666666667	0.715371333333333	0.702613	0.705594333333333	0.695465666666667	0.698831333333333	0.745396333333333	0.72903
0.0003	0.662629	0.721844	0.712269333333333	0.710993666666667	0.754966666666667	0.743135333333333	0.691581333333333	0.703290333333333	0.712987666666667	0.700741666666667	0.715379666666667	0.716805666666667	0.710099333333333	0.724739333333333	0.719131666666667	0.719035666666667	0.717178666666667	0.715339333333333	0.707043	0.700234666666667	0.696345	0.693563	0.69328	0.743241333333333	0.72442
0.0004	0.661819666666667	0.719849333333333	0.70497	0.710399	0.755774333333333	0.742808666666667	0.687599	0.702960666666667	0.71126	0.699188	0.715939333333333	0.710820333333333	0.709218666666667	0.722582333333333	0.713997333333333	0.717638666666667	0.717998333333333	0.715296	0.707829333333333	0.697407333333333	0.700499	0.68737	0.693290333333333	0.735580333333333	0.719866
0.0005	0.660257	0.720252333333333	0.71188	0.703582666666667	0.751825	0.744376666666667	0.688377	0.700192333333333	0.710396	0.695657333333333	0.718002333333333	0.710936666666667	0.704697333333333	0.722563	0.710584333333333	0.714786333333333	0.715744333333333	0.709859666666667	0.705909666666667	0.695137	0.696546666666667	0.689155666666667	0.690279333333333	0.725498333333333	0.712178
0.0006	0.663563333333333	0.719481666666667	0.707891333333333	0.706037333333333	0.747622	0.743715666666667	0.687689	0.706015333333333	0.707589	0.697091333333333	0.715211666666667	0.707966	0.704344	0.715569666666667	0.705245	0.712831666666667	0.715616666666667	0.710043	0.703761	0.696335333333333	0.698089333333333	0.689581666666667	0.693089666666667	0.729448	0.716998
0.0007	0.661074333333333	0.711775	0.710201666666667	0.703901333333333	0.751126666666667	0.745027333333333	0.686427	0.699278333333333	0.710235	0.699478333333333	0.713488333333333	0.705445666666667	0.707885333333333	0.716812	0.709763666666667	0.712947333333333	0.715082	0.711156333333333	0.703981	0.692628666666667	0.693709333333333	0.691873666666667	0.69073	0.732237333333333	0.714436333333333
0.0008	0.659069	0.717166333333333	0.702044666666667	0.702818333333333	0.743319	0.736430666666667	0.686933333333333	0.702542666666667	0.707818666666667	0.694219	0.711322	0.705932	0.701627666666667	0.714033666666667	0.701635333333333	0.714805666666667	0.711609	0.710354666666667	0.701712	0.693238666666667	0.694369	0.691419	0.692211333333333	0.721894333333333	0.715650333333333
0.0009	0.663848	0.718577666666667	0.704886	0.699931	0.747934	0.738127666666667	0.683889	0.698399333333333	0.705658666666667	0.698533333333333	0.711903666666667	0.705344666666667	0.702344333333333	0.717059	0.710104666666667	0.709059666666667	0.711271333333333	0.709630333333333	0.702565333333333	0.691329	0.691143	0.689369666666667	0.684388	0.724015666666667	0.714828
0.001	0.656429	0.719908	0.703781666666667	0.709851666666667	0.744626666666667	0.739822333333333	0.689550666666667	0.702811333333333	0.706721666666667	0.695752666666667	0.711704666666667	0.707567	0.705540666666667	0.712471	0.708964333333333	0.712764666666667	0.714660333333333	0.708372666666667	0.698457333333333	0.692021	0.691817	0.684902333333333	0.687079666666667	0.732124	0.707787333333333
0.0011	0.658695333333333	0.712876666666667	0.709774	0.699798333333333	0.740978	0.741904666666667	0.687052	0.699982666666667	0.704830666666667	0.694326333333333	0.716085666666667	0.706480333333333	0.704924333333333	0.718840333333333	0.705216	0.711892333333333	0.711656	0.707002666666667	0.702163666666667	0.689670666666667	0.691835	0.689626666666667	0.686225	0.721821333333333	0.716885666666667
0.0012	0.656220666666667	0.713682666666667	0.709765666666667	0.701313333333333	0.736518	0.744352	0.683398333333333	0.697435666666667	0.704266	0.695965333333333	0.710269666666667	0.705256666666667	0.705059333333333	0.714755333333333	0.706795333333333	0.706907666666667	0.709195	0.710854	0.702618333333333	0.691595666666667	0.693121333333333	0.684395333333333	0.686621333333333	0.723831	0.715578666666667
0.0013	0.660724	0.717473	0.698984666666667	0.698602666666667	0.732160333333333	0.734649333333333	0.686524	0.702427	0.709791333333333	0.693063	0.707326666666667	0.704097666666667	0.696675666666667	0.715042333333333	0.706403666666667	0.715303333333333	0.71598	0.708983333333333	0.700809333333333	0.686689333333333	0.687992	0.683005333333333	0.684310333333333	0.730742666666667	0.702054333333333
0.0014	0.660945	0.712738666666667	0.706301666666667	0.702952333333333	0.747052666666667	0.736532	0.687614333333333	0.696197333333333	0.705378666666667	0.694211666666667	0.705344	0.703804	0.700596333333333	0.709052	0.706272333333333	0.707857666666667	0.708615	0.706505666666667	0.701129	0.687701333333333	0.694273	0.685555	0.681032	0.715937666666667	0.711936666666667
0.0015	0.659190333333333	0.716569666666667	0.703826333333333	0.701248666666667	0.739785	0.7426	0.685612333333333	0.697496333333333	0.708143	0.697189	0.709448666666667	0.701377	0.706035666666667	0.716075666666667	0.709663	0.709084666666667	0.705353666666667	0.706270333333333	0.697665	0.686460666666667	0.687524	0.687693666666667	0.686918333333333	0.726242333333333	0.706341
0.0016	0.661108	0.713136	0.707418	0.700633	0.743323666666667	0.733786666666667	0.684715333333333	0.697266333333333	0.708421	0.694869	0.707470333333333	0.70434	0.703792	0.715772666666667	0.710168666666667	0.708557666666667	0.708085	0.708216666666667	0.696667333333333	0.688353	0.688023333333333	0.685379333333333	0.682924	0.725791333333333	0.709089666666667
0.0018	0.656543	0.715562333333333	0.707138666666667	0.699658333333333	0.744255333333333	0.742469333333333	0.685335333333333	0.696849	0.708057	0.692935666666667	0.708122333333333	0.704121	0.702240666666667	0.711055333333333	0.708058666666667	0.705358666666667	0.706320333333333	0.704480333333333	0.701017	0.686977333333333	0.689705333333333	0.681820333333333	0.684568	0.714549	0.707468
0.002	0.656068	0.712030666666667	0.703938333333333	0.702271	0.738187	0.742528	0.682051666666667	0.699981333333333	0.702596	0.692875666666667	0.707875333333333	0.700960333333333	0.698664	0.714849666666667	0.702788	0.710612666666667	0.708412333333333	0.702737	0.695784333333333	0.689383333333333	0.687820666666667	0.682116666666667	0.680496666666667	0.720661333333333	0.707142666666667
0.0022	0.652905666666667	0.713853666666667	0.701045	0.702259333333333	0.740981666666667	0.731991666666667	0.684314	0.697797	0.70522	0.692599	0.707139	0.703112666666667	0.701896	0.712644333333333	0.702160666666667	0.707904666666667	0.70629	0.705084	0.696329333333333	0.684792333333333	0.689311666666667	0.681163666666667	0.679463333333333	0.724691666666667	0.707771666666667
0.0024	0.655648	0.71735	0.701710666666667	0.696873666666667	0.741132	0.736632	0.682037	0.698028	0.70362	0.693694333333333	0.706374666666667	0.702705333333333	0.699821333333333	0.711248666666667	0.703564666666667	0.708673	0.707994	0.705793	0.692576333333333	0.682921666666667	0.688075333333333	0.680478666666667	0.678297666666667	0.720153666666667	0.703856333333333
0.0026	0.65547	0.711296666666667	0.701386666666667	0.702553666666667	0.740326666666667	0.724351333333333	0.682004666666667	0.697432666666667	0.703473	0.689543	0.705408	0.703135333333333	0.700671333333333	0.712425333333333	0.701201666666667	0.710017666666667	0.704714	0.703107	0.693318333333333	0.682104333333333	0.683284666666667	0.680399666666667	0.679655666666667	0.714505666666667	0.700306
0.0028	0.658520666666667	0.714057	0.70147	0.69733	0.737453333333333	0.735156333333333	0.683463	0.697365666666667	0.701537666666667	0.692018666666667	0.705490666666667	0.70198	0.697011666666667	0.710916666666667	0.700137666666667	0.706169	0.704637333333333	0.700343666666667	0.695022666666667	0.682904333333333	0.683386333333333	0.67781	0.680387666666667	0.715653333333333	0.706319666666667
0.003	0.657592666666667	0.716272666666667	0.700392	0.700676666666667	0.739297666666667	0.733872	0.679797	0.698326333333333	0.702435666666667	0.691908333333333	0.702841666666667	0.700909333333333	0.699096666666667	0.710345333333333	0.700094333333333	0.706879	0.706982666666667	0.700436	0.692810333333333	0.684091	0.682720333333333	0.676431	0.674833666666667	0.716246333333333	0.697085666666667
0.0032	0.656150666666667	0.713166	0.700196	0.697048	0.73854	0.734108666666667	0.680509	0.697067	0.701702	0.691973666666667	0.703817333333333	0.703108	0.697613	0.707176	0.699546	0.704272333333333	0.702004333333333	0.70099	0.691629666666667	0.682621666666667	0.683187333333333	0.675939	0.677037666666667	0.713129666666667	0.700849333333333
0.0036	0.658036	0.713293333333333	0.702228666666667	0.697386	0.739302	0.727314	0.681588666666667	0.694177	0.699465	0.693052666666667	0.705606666666667	0.700363	0.695965	0.710601333333333	0.696512666666667	0.701604333333333	0.701351	0.698318666666667	0.691055	0.680828	0.681673333333333	0.676383333333333	0.675319	0.713965	0.697481
0.004	0.656677333333333	0.712012333333333	0.700891	0.695541666666667	0.739798666666667	0.733644333333333	0.679886	0.694225666666667	0.699794333333333	0.692511	0.702832	0.698786666666667	0.695392333333333	0.707211333333333	0.69909	0.701629333333333	0.70269	0.698401	0.686747	0.679905666666667	0.678537666666667	0.674645	0.672568	0.713728333333333	0.696290666666667
0.0044	0.655545	0.711284333333333	0.702623	0.699648666666667	0.736128333333333	0.731545	0.680320666666667	0.694960666666667	0.700266666666667	0.689288333333333	0.703339	0.698822	0.694846	0.702947666666667	0.694491666666667	0.703534	0.697802333333333	0.694998333333333	0.687405	0.674097666666667	0.680843	0.67331	0.670276333333333	0.708455666666667	0.696781
0.0048	0.657049	0.713241666666667	0.700712	0.696912333333333	0.734909333333333	0.732244333333333	0.679326333333333	0.691799333333333	0.697208	0.686501333333333	0.700745666666667	0.697690666666667	0.693705	0.703684666666667	0.695543333333333	0.699124333333333	0.699079	0.697388666666667	0.685600333333333	0.674616666666667	0.676406333333333	0.671743	0.669364	0.709356666666667	0.6954
0.0052	0.654854	0.71101	0.702622333333333	0.695594666666667	0.734577	0.734482666666667	0.680323333333333	0.692604666666667	0.697763	0.687286666666667	0.699531	0.695219333333333	0.691278	0.703284333333333	0.694056666666667	0.699867666666667	0.697374666666667	0.691879333333333	0.685787666666667	0.674939666666667	0.675984	0.670865	0.668540666666667	0.707144333333333	0.695105333333333
0.0056	0.654252	0.711305666666667	0.701131333333333	0.693553	0.733238666666667	0.735697	0.67795	0.691484333333333	0.695492666666667	0.685158	0.699916666666667	0.694886666666667	0.691452666666667	0.701771666666667	0.692302666666667	0.697502	0.695452333333333	0.691951	0.684693	0.67284	0.674449	0.66715	0.667621	0.704281	0.697597333333333
0.006	0.656739666666667	0.709617	0.702107333333333	0.692716666666667	0.734268	0.732402	0.679151666666666	0.693987	0.697014333333333	0.686143333333333	0.697852333333333	0.695119666666667	0.689448666666667	0.702928666666667	0.692756333333333	0.696141333333333	0.695537333333333	0.691342	0.681399333333333	0.673878	0.674457666666667	0.667273333333333	0.665831666666667	0.705165	0.687531333333333
0.0064	0.656363333333333	0.709234333333333	0.700679	0.693652	0.735002	0.729536666666667	0.679246666666667	0.692531	0.697776	0.685540666666667	0.696947	0.695363666666667	0.689386333333333	0.701536666666667	0.689808	0.694775666666667	0.693330333333333	0.688968333333333	0.680394333333333	0.670119666666667	0.672099333333333	0.667129666666667	0.663336	0.701647	0.686318333333333
0.0072	0.65679	0.710587333333333	0.701789333333333	0.693673	0.736711666666667	0.725460333333333	0.67707	0.691353	0.694761	0.684537666666667	0.695775333333333	0.692086	0.687379333333333	0.699283333333333	0.688128666666667	0.692676666666667	0.691613666666667	0.686210666666667	0.678223666666667	0.667976	0.668297333333333	0.662137333333333	0.661446666666667	0.699169333333333	0.684032333333333
0.008	0.656434666666667	0.711232	0.697979333333333	0.692390666666667	0.734495666666667	0.730550333333333	0.675552666666667	0.689187333333333	0.695436666666667	0.680657666666667	0.693986333333333	0.691063333333333	0.686005	0.695318	0.687412333333333	0.689358666666667	0.689787666666667	0.684357333333333	0.674148666666667	0.661882666666667	0.665362	0.660227666666667	0.657769	0.699570333333333	0.682525333333333
0.0088	0.655256333333333	0.709476333333333	0.698527	0.692652333333333	0.732273666666667	0.724956666666667	0.676773	0.685973666666667	0.692540333333333	0.681970333333333	0.694898333333333	0.688746	0.683215666666667	0.695583666666667	0.684864	0.687031	0.685599666666667	0.680131666666667	0.672450666666667	0.661745	0.663797333333333	0.657522666666667	0.654309333333333	0.690444	0.677127666666667
0.0096	0.655087666666667	0.710941	0.698387333333333	0.694856333333333	0.732410333333333	0.720805	0.675388	0.686261333333333	0.690565666666667	0.678978666666667	0.691315666666667	0.686543666666667	0.680334333333333	0.692501	0.682133333333333	0.684843666666667	0.682729	0.679693666666667	0.669830666666667	0.66087	0.659013333333333	0.654766333333333	0.652121666666667	0.689088333333333	0.675661333333333
0.0104	0.655587	0.708752666666667	0.698038333333333	0.692907	0.730911666666667	0.722127	0.672535333333333	0.685477	0.689727666666667	0.678170333333333	0.687963333333333	0.685629666666667	0.679255333333333	0.689976	0.680292666666667	0.682838333333333	0.681103	0.676555	0.667128666666667	0.657992666666667	0.656878333333333	0.650267666666667	0.651178666666667	0.681840666666667	0.67272
0.0112	0.655452666666667	0.710085666666667	0.696887666666667	0.693009333333333	0.732449	0.726268666666667	0.670967333333333	0.684608333333333	0.689497666666667	0.677218666666667	0.690043666666667	0.682799666666667	0.678493	0.688551	0.677332	0.680365333333333	0.680345	0.671649666666667	0.665479	0.654546	0.654584	0.648368666666667	0.645822	0.680182	0.670949333333333
0.012	0.653707333333333	0.709356333333333	0.694892666666667	0.688885333333333	0.729951666666667	0.724652	0.670148666666667	0.683508666666667	0.68766	0.67498	0.688375666666667	0.681598333333333	0.675134666666667	0.686681	0.675022666666667	0.679282666666667	0.676449666666667	0.672289	0.662151666666667	0.649859666666667	0.651159	0.645464666666667	0.643676333333333	0.681781666666667	0.668157
0.0128	0.654168	0.709020333333333	0.696383333333333	0.688675666666667	0.727576666666667	0.722007	0.670004333333333	0.682197	0.685247333333333	0.674268	0.68579	0.679042	0.673441666666667	0.684532666666667	0.672520333333333	0.675273666666667	0.675088333333333	0.669296333333333	0.659220666666667	0.647045666666667	0.647761666666667	0.642311	0.640275	0.676420333333333	0.662410666666667
0.0144	0.653828666666667	0.708699333333333	0.696536666666667	0.691110666666667	0.727446666666667	0.719735	0.668606	0.679509333333333	0.683041333333333	0.671895	0.681326	0.676183666666667	0.670701333333333	0.680696333333333	0.669393666666667	0.669509	0.669752	0.663699333333333	0.654275333333333	0.64323	0.642402333333333	0.637181333333333	0.634607333333333	0.670458666666667	0.657540333333333
0.016	0.653476666666667	0.707111666666667	0.695326	0.686960333333333	0.729129	0.7191	0.666949666666667	0.678755	0.681896666666667	0.668202	0.67962	0.671889	0.667304666666667	0.676594333333333	0.664831666666667	0.666780666666667	0.665136666666667	0.658893	0.64973	0.636280666666667	0.637374	0.630288333333333	0.628573	0.663701333333333	0.648958666666667
0.0176	0.652701333333333	0.706099	0.692592333333333	0.686828666666667	0.726476	0.716758333333333	0.66556	0.675935333333333	0.680401333333333	0.666942666666667	0.676423666666667	0.670530333333333	0.662851333333333	0.672886666666667	0.662185333333333	0.662044666666667	0.660958	0.653945333333333	0.644818666666667	0.633166666666667	0.631184666666667	0.625720333333333	0.623423666666667	0.657560666666667	0.644492666666667
0.0192	0.652647666666667	0.705479333333333	0.693017	0.684879333333333	0.722392333333333	0.715091333333333	0.664044	0.673698	0.677048333333333	0.663775	0.673595666666667	0.666707	0.660093333333333	0.667609333333333	0.656422666666667	0.658182333333333	0.655723666666667	0.64912	0.638915666666667	0.627552666666667	0.626133666666667	0.619695666666667	0.617510333333333	0.652884333333333	0.637865333333333
0.0208	0.652434	0.705999333333333	0.693038	0.684722333333333	0.722782666666667	0.714304666666667	0.66137	0.672101666666667	0.674833333333333	0.662309333333333	0.670926666666667	0.661622	0.655587333333333	0.665539	0.652549333333333	0.654108	0.651417	0.643834666666667	0.634689333333333	0.620095	0.620676333333333	0.615202666666667	0.611407	0.644864666666667	0.631310666666667
0.0224	0.652012666666667	0.702946	0.691045	0.685033	0.720339	0.710602333333333	0.660910333333333	0.669671	0.671317666666667	0.660023666666667	0.667560333333333	0.660598	0.652273666666667	0.660011	0.648278666666667	0.650406666666667	0.646618666666667	0.638849333333333	0.629842333333333	0.615697666666667	0.615645	0.609620666666667	0.606021333333333	0.640240333333333	0.625801333333333
0.024	0.651898	0.706294	0.691336333333333	0.682673666666667	0.717633	0.708797333333333	0.658454333333333	0.668983666666667	0.669708333333333	0.656478666666667	0.664549	0.656373666666667	0.649192666666667	0.655519666666667	0.644639333333333	0.645819333333333	0.641842	0.635573333333333	0.623967666666667	0.611850333333333	0.610932	0.603951333333333	0.600955	0.635050333333333	0.620079333333333
0.0256	0.651786333333333	0.704291666666667	0.690141333333333	0.681122333333333	0.719190666666667	0.708969	0.656388666666667	0.665968	0.667108666666667	0.653771	0.662518333333333	0.653351333333333	0.646124333333333	0.652553	0.640784666666667	0.640900333333333	0.637704666666667	0.630757	0.619488	0.606343666666667	0.605068	0.599345666666667	0.595669666666667	0.629133333333333	0.614678333333333
0.0288	0.650634	0.701355333333333	0.688594333333333	0.679414333333333	0.716072	0.705166333333333	0.653284333333333	0.662001333333333	0.662473666666667	0.648584666666667	0.654858333333333	0.646850666666667	0.639050333333333	0.644878	0.632796666666667	0.633408333333333	0.628688333333333	0.620836333333333	0.609350666666667	0.596159333333333	0.594709666666667	0.588343333333333	0.585278	0.617460333333333	0.604056666666667
0.032	0.648988333333333	0.701043333333333	0.686904666666667	0.676079333333333	0.713544333333333	0.702822333333333	0.650185666666667	0.657310333333333	0.658179666666667	0.643272	0.649658666666667	0.641266333333333	0.631868333333333	0.638191	0.626034333333333	0.625779666666667	0.621126333333333	0.612104666666667	0.599241	0.585808333333333	0.583704333333333	0.578991333333333	0.574548333333333	0.606298	0.594114666666667
0.0352	0.649573333333333	0.699809333333333	0.685597	0.676160666666667	0.711647666666667	0.700299	0.646187666666667	0.653549333333333	0.653291666666667	0.638193	0.644988	0.634505666666667	0.624318666666667	0.629697	0.618894333333333	0.616009333333333	0.610983666666667	0.602272666666667	0.591156	0.576148333333333	0.575125	0.568404666666667	0.565368	0.594205333333333	0.581541333333333
0.0384	0.648229	0.698074333333333	0.683729	0.674208333333333	0.710241	0.697508666666667	0.642770666666667	0.649553333333333	0.648405666666667	0.633547333333333	0.638836	0.628491666666667	0.618809333333333	0.622841333333333	0.609346	0.607940333333333	0.602951333333333	0.593564	0.581494333333333	0.566357666666667	0.565707	0.557998333333333	0.554727	0.585378	0.572240333333333
0.0416	0.647457	0.698176	0.681751	0.671727666666667	0.707195	0.693765	0.638619666666667	0.645586	0.64474	0.62837	0.632878666666667	0.622175	0.611894	0.615408666666667	0.601965	0.600497	0.594188333333333	0.584397	0.573574	0.557380666666667	0.555017333333333	0.549293666666667	0.544771333333333	0.5755	0.561866
0.0448	0.646749	0.695149666666667	0.681161	0.669291	0.705687	0.689854666666667	0.63551	0.642228	0.639766666666667	0.624051333333333	0.628272333333333	0.616851	0.604830666666667	0.608861	0.594673666666667	0.593032	0.586580333333333	0.574811	0.563998666666667	0.548143	0.545840666666667	0.539372666666667	0.535316666666667	0.563303666666667	0.550621666666667
0.048	0.645536333333333	0.694455333333333	0.678376333333333	0.669014	0.703677	0.688467333333333	0.632826	0.638191333333333	0.635507333333333	0.619212	0.622486	0.60996	0.599442	0.601922	0.588267666666667	0.584400666666667	0.578136	0.568128333333333	0.554832666666667	0.539024333333333	0.536201	0.529597	0.525504	0.554365	0.542138666666667
0.0512	0.645398333333333	0.693548	0.678148	0.665989666666667	0.700121666666667	0.684596	0.629374	0.633973666666667	0.630996	0.614265333333333	0.617083333333333	0.604006333333333	0.592796333333333	0.594348666666667	0.579834333333333	0.577311	0.569954666666667	0.559824333333333	0.546649	0.530269	0.526888333333333	0.520506666666667	0.51636	0.544902666666667	0.531593
0.0576	0.644151	0.691253666666667	0.675210333333333	0.661791333333333	0.694910333333333	0.680010333333333	0.623295666666667	0.626127666666667	0.621698333333333	0.605212333333333	0.607201666666667	0.592244333333333	0.579467666666667	0.580468	0.566656333333333	0.562771	0.554749333333333	0.543069	0.530173666666667	0.512796666666667	0.509443333333333	0.502473666666667	0.498728	0.525002	0.511998666666667
0.064	0.642801	0.688966666666667	0.671926333333333	0.659354333333333	0.690408333333333	0.673512333333333	0.617157666666667	0.619161	0.613525	0.595702	0.59573	0.581490666666667	0.567923333333333	0.567769333333333	0.552248	0.548123333333333	0.540084666666667	0.527621666666667	0.513015333333333	0.496624666666667	0.49221	0.485384	0.480965	0.506038333333333	0.493748
0.0704	0.640986666666667	0.687079333333333	0.670515	0.655253666666667	0.685688333333333	0.667006333333333	0.610108666666667	0.611770666666667	0.605390333333333	0.586250666666667	0.586433	0.570127666666667	0.556286333333333	0.554412666666667	0.538737	0.533776	0.525157	0.511758666666667	0.497727	0.479796333333333	0.475753	0.468570666666667	0.464650666666667	0.490103666666667	0.476677333333333
0.0768	0.639803333333333	0.685008	0.666550666666667	0.651926	0.680436333333333	0.661474666666667	0.603758	0.604061666666667	0.597186	0.577292666666667	0.576235	0.559362	0.543736	0.541675333333333	0.524933	0.520653666666667	0.510012666666667	0.497303	0.482239	0.464076	0.459613666666667	0.453262	0.447686333333333	0.472113333333333	0.459712
0.0832	0.638322333333333	0.682791666666667	0.663922333333333	0.646724666666667	0.676373666666667	0.655781666666667	0.596612666666667	0.596447333333333	0.588292333333333	0.568420333333333	0.565897666666667	0.548443	0.532947333333333	0.529315	0.512577666666667	0.506839666666667	0.496148	0.483184666666667	0.467567333333333	0.449618	0.444481333333333	0.436670666666667	0.432498	0.456083666666667	0.443273666666667
0.0896	0.637173333333333	0.680797666666667	0.661591333333333	0.64408	0.671773333333333	0.650892	0.590294666666667	0.589723	0.580564666666667	0.560623666666667	0.556562333333333	0.538102666666667	0.521076333333333	0.516737	0.50022	0.493489333333333	0.482637333333333	0.468700666666667	0.453464333333333	0.434899666666667	0.429525333333333	0.422362333333333	0.416731333333333	0.440436333333333	0.426697333333333
0.096	0.636098	0.678341666666667	0.659211666666667	0.640462	0.668347666666667	0.644973666666667	0.584161666666667	0.582292333333333	0.572244	0.551409333333333	0.546766333333333	0.527552	0.510766333333333	0.505236333333333	0.487690666666667	0.481006	0.469564333333333	0.455424	0.439251666666667	0.419859	0.414557333333333	0.40745	0.402776666666667	0.424922	0.411659666666667
0.1024	0.63452	0.676086666666667	0.654861333333333	0.636667666666667	0.662938666666667	0.639996666666667	0.578575	0.575253333333333	0.563850666666667	0.542648666666667	0.537759	0.517678	0.500394666666667	0.493221	0.476145	0.468519333333333	0.456429666666667	0.442516	0.42588	0.406559333333333	0.400995333333333	0.393457	0.388548333333333	0.410476	0.397157333333333
0.1152	0.631723333333333	0.671356	0.649711666666667	0.629152666666667	0.655365333333333	0.628621666666667	0.566439	0.561166666666667	0.548469333333333	0.526131	0.519361333333333	0.497091666666667	0.479117666666667	0.470264333333333	0.452683666666667	0.444687666666667	0.431972666666667	0.417322666666667	0.400410333333333	0.380576	0.37407	0.366898666666667	0.361946	0.382322	0.369131666666667
0.128	0.629440666666667	0.667951333333333	0.643976333333333	0.621769333333333	0.646422666666667	0.618022	0.554859333333333	0.548239666666667	0.533748	0.510446333333333	0.501435666666667	0.478735666666667	0.458398666666667	0.448324	0.431417	0.422420333333333	0.408904666666667	0.393704	0.376012333333333	0.356652666666667	0.349645	0.342374666666667	0.337299	0.355031333333333	0.343002666666667
0.1408	0.626777	0.663260333333333	0.638242	0.615009	0.637963666666667	0.607896666666667	0.543713333333333	0.534467333333333	0.51906	0.49449	0.484504333333333	0.459945333333333	0.439339333333333	0.428493333333333	0.410817333333333	0.400630666666667	0.386943666666667	0.371178333333333	0.353542	0.33409	0.325899	0.319289	0.314091666666667	0.331007333333333	0.318865
0.1536	0.624506	0.658721333333333	0.633347	0.608427666666667	0.630397	0.597373333333333	0.532353666666667	0.521901666666667	0.504897666666667	0.480144	0.467782666666667	0.442415666666667	0.421603333333333	0.408991	0.391287	0.380262666666667	0.365992333333333	0.349832	0.332420333333333	0.312648	0.304534333333333	0.298147666666667	0.292894	0.308577666666667	0.296548333333333
0.1664	0.621476	0.654415	0.627801333333333	0.600882333333333	0.621936666666667	0.587584666666667	0.521409666666667	0.509216333333333	0.491303	0.465424333333333	0.452184333333333	0.425256	0.404237333333333	0.390359333333333	0.372134333333333	0.36077	0.346463666666667	0.330093333333333	0.312498	0.292924666666667	0.284535666666667	0.278011666666667	0.2732	0.288113333333333	0.276601666666667
0.1792	0.619056	0.650287333333333	0.621956	0.595068333333333	0.613517666666667	0.577343	0.510571666666667	0.496955666666667	0.477420666666667	0.451489	0.436909666666667	0.409496666666667	0.387695	0.372343	0.354661	0.341851666666667	0.328236666666667	0.311654666666667	0.293462333333333	0.274251333333333	0.265239	0.25893	0.254642	0.268910666666667	0.257519
0.192	0.616667	0.645833	0.617814333333333	0.588115333333333	0.605789	0.567776333333333	0.499684	0.484863	0.464317333333333	0.438067666666667	0.422282333333333	0.394071666666667	0.371603	0.355512666666667	0.337351666666667	0.324792666666667	0.310602666666667	0.293728	0.276633666666667	0.256729666666667	0.247615	0.241947666666667	0.237924333333333	0.251156666666667	0.240208
0.2048	0.61416	0.642096666666667	0.612211	0.581571666666667	0.598339	0.558435666666667	0.489492666666667	0.472974666666667	0.451448333333333	0.424867333333333	0.408075666666667	0.379482333333333	0.356225666666667	0.339194333333333	0.321403333333333	0.308414333333333	0.294025666666667	0.277512333333333	0.259989666666667	0.240826	0.231341666666667	0.225810333333333	0.221849666666667	0.234791666666667	0.224769666666667
0.2304	0.609032333333333	0.634029	0.601555666666667	0.568801333333333	0.582872333333333	0.540064	0.469444333333333	0.450507333333333	0.426998	0.399345333333333	0.380596333333333	0.351381666666667	0.327221333333333	0.308694666666667	0.291876333333333	0.27732	0.263230333333333	0.246718	0.230411333333333	0.211611	0.202011666666667	0.1965204	0.1933292	0.203769666666667	0.1954515
0.256	0.603862666666667	0.626599666666667	0.592321666666667	0.556767	0.567569333333333	0.522901333333333	0.450293333333333	0.428555333333333	0.404211	0.375724	0.354923666666667	0.325470666666667	0.300767	0.28061	0.264921333333333	0.249964333333333	0.235740666666667	0.219333	0.204024333333333	0.1860772	0.176429733333333	0.170464966666667	0.168528933333333	0.1772435	0.1706644
0.2816	0.598920666666667	0.618200333333333	0.582519	0.543293333333333	0.553185333333333	0.504793	0.432351	0.407724333333333	0.382161666666667	0.353586	0.331796	0.301110666666667	0.276684333333333	0.255375	0.240289333333333	0.225114333333333	0.211309666666667	0.1956998	0.180553433333333	0.163818733333333	0.154181333333333	0.148451833333333	0.146519266666667	0.1550596	0.149499366666667
0.3072	0.594241	0.610656666666667	0.572980333333333	0.531252	0.539422333333333	0.488172333333333	0.414510333333333	0.388246	0.361616	0.332886666666667	0.309611	0.278442	0.254284	0.232294	0.218104333333333	0.203200666666667	0.189040933333333	0.173972833333333	0.1592203	0.143656833333333	0.134547766666667	0.1292846	0.127553166666667	0.135209333333333	0.130773633333333
0.3328	0.589465	0.602717666666667	0.563827	0.519719333333333	0.525272	0.472481	0.397692333333333	0.369662333333333	0.342204333333333	0.313353	0.289329333333333	0.257813333333333	0.233805	0.211493	0.197533433333333	0.183308366666667	0.168832433333333	0.154922033333333	0.141212133333333	0.126036133333333	0.117834966666667	0.1125104	0.1110732	0.118547433333333	0.114951733333333
0.3584	0.584805666666667	0.595603666666667	0.554616	0.508577666666667	0.512604666666667	0.456185333333333	0.381396666666667	0.351595666666667	0.324185	0.294926666666667	0.269867666666667	0.238783333333333	0.214492333333333	0.1923588	0.179209433333333	0.165518133333333	0.151509266666667	0.1376547	0.124716533333333	0.110933666666667	0.1031177	0.0981672	0.0972689333333334	0.103248466666667	0.101090166666667
0.384	0.580122333333333	0.587903333333333	0.545520333333333	0.497103333333333	0.499554	0.440607666666667	0.365657666666667	0.334832333333333	0.306733333333333	0.278201333333333	0.252295	0.221366333333333	0.197696	0.1752005	0.163160733333333	0.149786333333333	0.1353063	0.1226182	0.1101343	0.0971126666666667	0.0906327333333333	0.0857633	0.0847275333333333	0.0904681333333333	0.0890184333333333
0.4096	0.575581	0.580808666666667	0.536601	0.486457333333333	0.487165666666667	0.426343333333333	0.351108666666667	0.318785333333333	0.290702666666667	0.262305333333333	0.236169	0.205316666666667	0.181993133333333	0.160280533333333	0.148203366666667	0.135754666666667	0.121527033333333	0.1098276	0.0979917	0.0853318666666667	0.0799966666666667	0.075362	0.0748275333333333	0.0805975666666667	0.0791850666666667
0.4608	0.566422333333333	0.566520333333333	0.519298333333333	0.465436	0.462866666666667	0.398837666666667	0.324020666666667	0.28905	0.260717333333333	0.232952	0.206698	0.1767528	0.153533	0.1336879	0.1230216	0.111216266666667	0.0972117333333333	0.0875298	0.0770033666666667	0.0654513666666667	0.0619000666666667	0.0574849333333333	0.0579614333333333	0.0627395333333333	0.0619781333333333
0.512	0.557403666666667	0.553038	0.502514333333333	0.445367666666667	0.439702333333333	0.373802333333333	0.298803333333333	0.262364333333333	0.233494	0.207342666666667	0.181120733333333	0.1521079	0.128921033333333	0.111476066666667	0.1018507	0.0912056333333333	0.0773398	0.0701571	0.0603561	0.0497338666666667	0.0482607	0.0439849666666667	0.0447079333333333	0.0487462	0.0488945333333333
0.5632	0.548655666666667	0.540058333333333	0.486758666666667	0.425693666666667	0.418352333333333	0.349618666666667	0.275906333333333	0.238745	0.209428	0.184549466666667	0.158598866666667	0.1309646	0.108272033333333	0.0932319	0.0839673333333333	0.0748607	0.0623548666666667	0.0562474	0.04708	0.0378807	0.0378448333333333	0.0339829666666667	0.0351780333333333	0.0390186333333333	0.0400129666666667
0.6144	0.540312666666667	0.527127333333333	0.471575333333333	0.407721	0.397802	0.327783333333333	0.254853333333333	0.216911333333333	0.187605866666667	0.164915766666667	0.139116066666667	0.1129309	0.0912328333333333	0.0780234333333333	0.0696385	0.0621181666666667	0.0504110333333333	0.0455205333333333	0.0366921333333333	0.0283830666666667	0.0301587333333333	0.0267839333333333	0.02759	0.0319739333333333	0.0325326333333333
0.6656	0.531894	0.514045	0.45703	0.390376333333333	0.378842333333333	0.306288	0.235593333333333	0.197408033333333	0.168465833333333	0.147236966666667	0.122222733333333	0.0974324	0.0777480666666667	0.0645347666666667	0.0571398	0.0509202666666667	0.0410782	0.0370844666666667	0.0280235333333333	0.0213589833333333	0.0238194	0.0209502	0.0218395	0.0255451	0.0266474333333333
0.7168	0.523542333333333	0.502076333333333	0.442966333333333	0.373761333333333	0.36075	0.287658333333333	0.217793	0.179782133333333	0.1510572	0.131951	0.107838166666667	0.0840997666666667	0.0664065333333333	0.0539656333333333	0.0469649	0.0421726333333333	0.0340517	0.0306009	0.0214002133333333	0.01674082	0.0185987666666667	0.0164980266666667	0.01739897	0.0215286	0.0224387
0.768	0.515351333333333	0.490677666666667	0.428654333333333	0.358093333333333	0.343493666666667	0.269239333333333	0.201334	0.163915133333333	0.1357872	0.1177763	0.0956268333333333	0.0724536666666667	0.0571157333333333	0.0445190333333333	0.0395699666666667	0.0346035333333333	0.0275727	0.0249271	0.0163072066666667	0.0126556633333333	0.01461771	0.0133194666666667	0.0138331866666667	0.0184883566666667	0.0190158666666667
0.8192	0.507244	0.479089	0.415392666666667	0.343569333333333	0.327629333333333	0.252493333333333	0.186502266666667	0.149582633333333	0.122590833333333	0.1056448	0.0849637666666667	0.0631001	0.0488843333333333	0.0374889333333333	0.0335263666666667	0.0286015666666667	0.0225311333333333	0.0206184333333333	0.0134543766666667	0.00997920666666667	0.0121257366666667	0.01131257	0.0117495233333333	0.0156956733333333	0.0166391333333333
0.9216	0.491924	0.457429	0.390382	0.315824333333333	0.298377	0.222190333333333	0.159177	0.124135566666667	0.0999774666666667	0.0849801	0.066542	0.0473343666666667	0.0358495333333333	0.0268842666666667	0.0236472333333333	0.01862285	0.01518205	0.0144375566666667	0.00996457	0.00658630666666667	0.00823478	0.00791337666666667	0.00827981	0.0112331033333333	0.01287433
1.024	0.477100333333333	0.436839333333333	0.367141666666667	0.289913	0.271915	0.195375766666667	0.135441633333333	0.102676233333333	0.0815388333333333	0.0686113333333333	0.0522839	0.0354952	0.0269084333333333	0.0209611666666667	0.01680804	0.0121377166666667	0.01105878	0.01066831	0.00832127	0.00328066066666667	0.00587103666666667	0.0055997	0.00522059133333333	0.00989609333333333	0.00870660666666667
1.1264	0.462960333333333	0.417924666666667	0.345758	0.266188333333333	0.248316	0.172864933333333	0.115181	0.0857273666666667	0.0659353666666667	0.0555116333333333	0.0402863	0.0263212666666667	0.02011819	0.01703706	0.0110287466666667	0.00814806666666667	0.00795979666666667	0.00780898666666667	0.00621768666666667	0.000986112	0.00409416	0.00314327	0.00310680233333333	0.00929582	0.00639681333333333
1.2288	0.449526666666667	0.399948	0.326112	0.245045	0.226627	0.152953766666667	0.0976822666666666	0.0714712666666667	0.0535624333333333	0.0448524333333333	0.0303855666666667	0.01888121	0.0143449633333333	0.0136773566666667	0.00835346333333333	0.00590246333333333	0.00558041666666667	0.00587271333333333	0.00428491666666667	0.000552164333333333	0.00177266466666667	0.00161339233333333	0.00241382166666667	0.00844669	0.00492769666666667
1.3312	0.436233	0.382406666666667	0.307514666666667	0.225311333333333	0.206360333333333	0.135698	0.0827368333333333	0.0590187333333333	0.0438507	0.0367995666666667	0.0233073	0.01369837	0.00950287	0.0108348266666667	0.00668462666666667	0.0040467	0.00411392666666667	0.00461781333333333	0.00325177	-0.000106257	0.000383347455333333	0.001379405	0.00180676263333333	0.00693826	0.00308372333333333
1.4336	0.423403	0.365736	0.290032666666667	0.207265	0.188361	0.120818533333333	0.0699358333333333	0.0490315333333333	0.0362968666666667	0.0305819666666667	0.0176835333333333	0.01059121	0.00585751	0.00783435666666667	0.00647193	0.00320646833333333	0.00367740666666667	0.00365501666666667	0.00200881133333333	0.00051357	-0.000640664	0.00141703066666667	0.001696789	0.00673335	0.0033572
1.536	0.411137333333333	0.349935666666667	0.273757666666667	0.1913854	0.172435933333333	0.1068615	0.0599326	0.0396172333333333	0.0305283	0.0251748533333333	0.0131117366666667	0.00847848	0.00328681333333333	0.00512884	0.00500016666666667	0.00238289766666667	0.00450297	0.00266475	0.001205124	0.000841361	-0.001217903	0.000921847666666667	0.00080373	0.00565785333333333	0.00470636333333333
1.6384	0.399787333333333	0.334704333333333	0.259095666666667	0.1770486	0.1584788	0.0965086	0.0517941333333333	0.0321446	0.0259500666666667	0.0215391566666667	0.0102186133333333	0.00667149	0.000705434666666667	0.00356665666666667	0.00267901333333333	0.002513969	0.00435233333333333	0.00227176633333333	0.00205607	0.000461405	-0.00194609666666667	0.00166201	0.00123799133333333	0.00372711	0.0051514
1.8432	0.377467666666667	0.306594333333333	0.232074333333333	0.152292133333333	0.1342316	0.0782964666666667	0.0379475	0.0219528666666667	0.0180684133333333	0.0153588033333333	0.00442986333333333	0.00425359666666667	-0.00154243866666667	0.00210252333333333	0.00010790995	0.003092047	0.00404295333333333	0.002234799	0.00412236666666667	-0.000083095	-0.00320098	0.00134827333333333	0.0003009769	0.00388654	0.00407401666666667
2.048	0.356926	0.281581	0.209182333333333	0.130880666666667	0.114233833333333	0.0657355	0.0276873333333333	0.0160971	0.0124324233333333	0.00994964333333333	-0.000480146966666667	0.00389677333333333	-0.00144141666666667	0.00204903566666667	-0.001527052	0.00264058666666667	0.00304672666666667	0.00327996	0.00487953666666667	0.00150419833333333	8.24601666666667E-05	-1.02473333333334E-05	0.000705485666666667	0.00556182	0.00311653
2.2528	0.338292666666667	0.258614666666667	0.188645933333333	0.1141705	0.0969570333333333	0.0559167333333333	0.0192858533333333	0.01135177	0.00872682	0.005190782	-0.00223123666666667	0.00392416333333333	-0.000675425666666667	0.000835176666666667	-0.00256461333333333	0.00189468666666667	0.00278173666666667	0.00255480333333333	0.00330435333333333	0.00203764666666667	0.0007647101	-0.001144799	0.000839150666666667	0.00470276666666667	0.00389145666666667
2.4576	0.32079	0.238468666666667	0.170589966666667	0.100208566666667	0.0824088333333333	0.0481367666666667	0.0134630233333333	0.00846146	0.00615235	0.00397430666666667	-0.00172497366666667	0.00151472533333333	0.000124216	-0.001605453	-0.00221962666666667	0.00218858333333333	0.00119827266666667	0.00252809	0.00179624666666667	0.00235076	0.00174166666666667	0.000174612	-0.000383298666666667	0.00327561	0.00458229
2.6624	0.304142666666667	0.220984	0.1545089	0.0881369666666667	0.0707262333333333	0.0415136333333333	0.00873737	0.00622144	0.005236904	0.00248618433333333	-0.00158230333333333	-0.00165436230933333	-7.29416666666667E-05	-0.00192862433333333	-0.00245526666666667	0.00123285966666667	-0.001483913	0.00203955333333333	0.00154765923333333	0.00262706	0.00158878066666667	0.00145268433333333	-0.000467935366666667	0.00299679766666667	0.00551981666666667
2.8672	0.288394	0.205229333333333	0.139524433333333	0.0782551666666667	0.0621920666666667	0.0341859	0.00516795333333333	0.00469379333333333	0.005740291	0.001003481	-0.000684819	-0.00348883333333333	-0.000878559666666667	-0.001515837	-0.00153821033333333	0.00104903933333333	-0.00240136666666667	0.00242105333333333	0.001476305	0.00164962833333333	0.00216720866666667	0.001404121	0.001764312	0.00320942333333333	0.00238267
3.072	0.273562333333333	0.190903	0.126752	0.0702623333333333	0.0560643333333333	0.0276460666666667	0.00271945753333333	0.00300342333333333	0.00576859566666667	0.000967011333333333	0.000257016	-0.00356583	-0.00200125	-0.00226394666666667	0.00182401466666667	0.00124826833333333	-0.00237359333333333	0.000782635333333333	0.00186694433333333	-0.000664835	0.00204776366666667	0.00214444933333333	0.00385174333333333	0.00244032033333333	0.001068656
3.2768	0.259925333333333	0.178007333333333	0.1157984	0.0624779	0.0492843	0.0244335333333333	0.00153472	0.000885796666666667	0.00445414333333333	0.00016699	0.000154468666666667	-0.00404804333333333	-0.00291130666666667	-0.00299233	0.00306881	0.000793825	-0.002154068	1.79583333333333E-05	0.00116818366666667	0.0006032628	-0.00000664199999999999	0.00140077766666667	0.0038627	0.001126895	0.000696633666666667
3.6864	0.234922366666667	0.157238233333333	0.0969692333333333	0.0487359666666667	0.0367479	0.0177597133333333	-0.000918791666666667	-0.0012332614	0.00256455666666667	-0.000854916666666666	0.00178802866666667	-0.00414356	-0.00190401	-0.00439391666666667	0.00451253666666667	0.00103462666666667	-0.000134186666666667	-0.000552333	-0.000791716	-0.000636463	-0.000849575	-0.0003903412	0.00212560633333333	0.00226949333333333	0.00207996666666667
4.096	0.212947466666667	0.1408539	0.0828263666666667	0.0390542666666667	0.0283235333333333	0.0123232166666667	-0.00199333833333333	-0.00148792033333333	0.000751396666666667	0.00302946066666667	0.00194931066666667	-0.00218477966666667	0.00287879	-0.00298968333333333	0.000341488	-0.000597722666666667	-0.0009149418	0.00008518	-0.00230682	-0.002297682	0.00268413	0.00197294333333333	0.00167540733333333	0.00111964666666667	0.00384142
4.5056	0.194386933333333	0.1280783	0.0704199666666667	0.0344237666666667	0.0221796666666667	0.0108383766666667	-0.00283108666666667	4.01153333333333E-05	0.00132653733333333	0.00653671	0.00165843	-0.000103833666666667	0.00510467666666667	-0.00170895433333333	-0.00209740666666667	0.00116090163333333	-0.00124681466666667	0.00231501333333333	-0.001207698	-0.0025194	0.000425200666666667	-7.29156666666667E-05	-0.0005881913	0.00188162	0.00496300666666667
4.9152	0.179097666666667	0.1163871	0.0602262666666667	0.0300611666666667	0.01764722	0.0105286	-0.00255903666666667	-0.00072367391	-0.000734901	0.00627707333333333	0.000743252333333333	0.00124843866666667	0.00280711	-0.00013766	-0.0001187848	0.00108936333333333	-0.000704757333333333	0.00292519	-0.00135205666666667	-0.00203779333333333	0.0006817912	-0.00113809866666667	-0.001276396	0.00297328	0.00393694866666667
5.3248	0.1658929	0.106283166666667	0.0519328333333333	0.0235747	0.0144165433333333	0.00966755	-0.00414888333333333	-0.00113974466666667	0.0000604715	0.003392089	0.000828343666666667	0.00152340833333333	-0.00114767763333333	-0.00276164	-0.00133747266666667	0.00269533333333333	0.00130497	0.00277134666666667	-0.00079161	-0.000533228666666667	0.000664396666666667	-0.00186599866666667	-0.0013602813	0.000833329333333333	0.00538783666666667
5.7344	0.154487433333333	0.0989235666666667	0.0453333	0.0192026	0.0134346	0.00958088	-0.00459634	0.000647151666666667	0.000372838666666667	0.000243484	0.002183221	0.00279575	-0.00129944866666667	-0.00222199206666667	-0.00245257766666667	0.00233835666666667	-0.00101517173333333	0.000344695	-0.000552555	-0.000957239333333333	-0.001822645	-0.00130673966666667	-0.00189570966666667	2.33719333333333E-05	0.00294471333333333
6.144	0.1441855	0.0926161666666667	0.0405407666666667	0.017077	0.0143786733333333	0.00876312333333333	-0.00646067333333333	0.000969095666666667	0.000747797	0.000553632666666667	0.0018801958	0.00196443666666667	0.000717840666666667	-0.00151137	-0.000659760333333333	0.00188195666666667	-0.00245442333333333	-0.00217789	-0.00132299933333333	-0.000623582868	-0.00129903	0.00104205233333333	-0.00486189	-0.000154341666666667	0.00459551666666667
6.5536	0.1344945	0.0860962666666667	0.0366041666666667	0.01431613	0.0155848566666667	0.0117386866666667	-0.00598506666666667	0.00148985863333333	0.00214348833333333	0.000850878333333333	0.000569804	0.00326604033333333	-0.00107043066666667	-0.00476106666666667	0.000993844333333333	0.00119282333333333	0.00146900566666667	-0.00157327666666667	-0.00279625	-0.000572372666666667	-5.85576666666666E-05	0.000637964333333333	-0.00492721333333333	0.00100201366666667	0.00263072666666667
7.3728	0.117253066666667	0.0742298	0.0303421333333333	0.0107528566666667	0.0147149233333333	0.0119970166666667	-0.00459097666666667	-7.75623333333334E-05	0.00156017566666667	0.000747196666666667	-0.00556049666666667	0.00254283533333333	-0.00403273666666667	-0.00174358033333333	0.000339152	0.00191944	0.00196794966666667	-0.000712348	0.000729076066666667	0.000440999713333333	0.000996028	0.00160407466666667	0.000156283333333333	0.00294477666666667	0.00293295666666667
8.192	0.102693766666667	0.0633354	0.023641	0.00908653666666667	0.00944775333333333	0.0115332866666667	-0.00302974666666667	0.00042695	0.001486904	-0.00183987866666667	-0.00830255666666667	0.000257173333333333	-0.00271954666666667	0.00314333333333333	-0.00108358766666667	-0.00232346366666667	0.00177580933333333	0.000694047066666667	0.00238077333333333	-0.00239695666666667	-0.000891226866666667	3.64173333333333E-05	0.00186644	0.00335730333333333	0.00496241333333333
9.0112	0.091627	0.0538928666666667	0.0187141	0.00599984333333333	0.00281677	0.00695783	0.000008015	0.000278405	0.00336471333333333	-0.000578913	-0.00663485	7.44113333333334E-05	-0.000517171	0.00245733933333333	-0.00364069333333333	-0.00152033866666667	-0.001436435	-0.00328646	0.00173313466666667	-0.00331319	-0.000927283	0.00211295333333333	0.000657954666666666	0.000105547666666667	0.00270363666666667
9.8304	0.0834784333333333	0.0461346	0.01701195	0.00456365	0.00254959533333333	0.00697481	-0.00130622866666667	0.000412135133333333	-0.00127616266666667	-0.000951456	-0.00250609	-0.00019119	-0.00109535833333333	0.00244409	0.00221928	-0.000259275666666667	-0.00193645333333333	-0.00140953633333333	0.0001168256	-0.001287848	-0.001681308	0.00150701466666667	0.00234423	-0.000255085203333333	0.00151517133333333
10.6496	0.0768812333333333	0.0369201333333333	0.0131074233333333	0.00602386	0.00604363	0.00727715666666667	-0.00574023333333333	0.000240322833333333	-0.00573047333333333	-0.00184438666666667	-0.001537813	-0.002488488	0.00203406666666667	0.00232419436666667	0.000837727	0.00234095333333333	0.000673211733333333	0.00197229666666667	-0.00474719333333333	0.000309480333333333	-0.000383772333333333	0.00164819056666667	0.00157358666666667	0.00356748	0.001174332
11.4688	0.0720790333333333	0.0274549	0.0131209033333333	0.00756941333333333	0.00445689333333333	0.00779218	-0.00328908666666667	0.00124874233333333	-0.00551432333333333	-0.00192451766666667	-0.00104885033333333	-0.00369379633333333	0.00339208333333333	0.00116722366666667	0.00132877666666667	-0.000159525	-0.0033908	0.00192246333333333	-0.0029032	-0.000484555	0.00234998666666667	0.000283306166666667	0.00136024466666667	0.000667534333333334	0.00217076433333333
12.288	0.0703667666666667	0.019664	0.0118919633333333	0.0104175866666667	-0.0000817829999999999	0.00326159333333333	0.00303017666666667	-1.64116733333333E-05	-0.00512177	0.00404329666666667	-0.00424725666666667	-0.00565805666666667	0.000295995333333333	-0.000705317	0.00284579666666667	-0.001514284	-0.000118315333333333	-0.000248703353333333	-0.001947921	-0.00107818366666667	0.00172971	0.00072251	-0.000237119666666667	0.000702813333333333	0.00318274333333333
13.1072	0.0678695666666667	0.0154454833333333	0.0105577566666667	0.0105804933333333	-0.00025752	0.000481075333333333	0.00410521666666667	-0.0025262	-0.00281330333333333	0.00257892666666667	-0.00233446333333333	-0.002465714	0.00102516	-0.000162028166666667	0.00293961	-0.00050114726	0.00175131466666667	0.00103049796666667	-0.000589215333333333	-0.00150245666666667	-0.000451712666666667	-0.000851440033333333	0.000480407666666667	0.00141146	0.00264628
14.7456	0.0586731	0.01190701	0.0116222633333333	0.00997362333333333	0.00334731666666667	-0.00112126133333333	0.00355631	-0.00268408	0.00312295	0.00383643	0.000485783	0.00151452233333333	0.00242990666666667	0.00174257666666667	-0.00147728866666667	-0.000582986833333333	0.00176135	0.000182544333333333	0.000242395333333333	0.000712790133333333	0.000201851333333333	-0.000384369666666667	0.001880744	0.00165320066666667	0.000983324233333333
16.384	0.0494335	0.00711814333333333	0.00762757	0.0067798	0.00348370666666667	-0.000357108333333333	-0.000349631666666667	-0.000038285	0.00531014	2.19713333333333E-05	0.000977831	-0.00381402333333333	-0.00267588566666667	0.000969312666666667	-0.00288196	0.001988538	-0.000854686333333333	0.001826686	0.000507147333333333	0.000735952666666667	0.000839650666666667	-0.000336774696666667	0.000190480666666667	0.000703797338666667	0.000783200666666667
18.0224	0.0451480333333333	0.00532989	0.00211980666666667	0.00476306666666667	0.000511375333333333	-0.000709752663333333	-0.00494074	0.000110263666666667	0.00295278666666667	0.000111747666666667	0.00214301333333333	-0.000400482	-0.002584293	-0.00076422	-0.00139915433333333	0.001060268	-0.000560107333333333	-0.000904643333333333	0.001069657	-0.00148969666666667	0.000379436	-0.000836460666666667	0.000361297333333333	0.00107521433333333	0.00314927666666667
19.6608	0.0413035333333333	0.00919806333333333	-0.0002632	0.00547364	-0.001837799	0.00355958033333333	-0.000052063	0.00142731066666667	-2.33837666666666E-05	-0.001834363	0.001101392	0.000628622333333333	-0.000645042	0.00118977866666667	-0.000860677666666667	-0.00125479433333333	-0.000300113333333333	-0.00104417843	0.00107320366666667	-0.00122656766666667	0.00190567333333333	0.000441760333333333	0.001430192	-0.000297713333333333	0.00226445666666667
21.2992	0.0371881666666667	0.0133640333333333	-0.00128156333333333	0.00649778666666667	0.00246967633333333	0.00770247	-0.00241672333333333	0.00379803333333333	0.00307588	0.00124365666666667	0.00285892333333333	0.00384096333333333	-0.000675857533333333	-0.001114739	-0.00153356	8.34273333333333E-05	-0.00216317333333333	0.000183735333333333	-0.0001503922	-0.000164411	0.000054668	0.00221940666666667	0.00132873	0.000612091333333333	0.00242652666666667
22.9376	0.0345319666666667	0.0123157333333333	0.000224963333333333	0.00151395466666667	-0.00124412333333333	0.0040172	0.00358486666666667	0.00161498833333333	-0.000467297333333333	0.00155967366666667	0.00175211666666667	0.00228911	-0.000458601333333333	-0.00344753666666667	0.00216167333333333	-0.00119952366666667	-0.000148083333333333	0.000925701333333333	-0.000453730666666667	-0.000973923333333333	-0.000642968666666667	-0.00114900933333333	0.00062604	-0.0001354558	0.0012128669
24.576	0.0328045333333333	0.00920927666666667	-0.000357276666666667	-0.000325437333333333	-0.00258357	-0.00102793133333333	0.001813778	-0.000240226666666667	-0.00241707333333333	0.00463583	-0.00203884733333333	0.000777869333333333	-0.000305505666666667	0.00240102666666667	0.000988664	0.000715774333333333	-0.00187177533333333	-0.000678871333333333	-0.00157802666666667	0.000449197333333333	-0.000397979666666667	-0.00130431333333333	-0.000443311333333333	0.00218702333333333	0.00241304666666667
26.2144	0.0314525666666667	0.0120665966666667	0.00153251733333333	0.00230921	-0.001748215	-0.00195221	0.00100353833333333	-0.001013772	0.000179415333333333	0.00102282	-0.00183899466666667	4.61086666666666E-05	0.00206913666666667	-0.000226373666666667	0.000360400666666667	-4.36136666666667E-05	-0.0015776922	-0.000171727333333333	-0.00000892300000000002	-0.000460300666666667	-0.00045228	1.37326666666667E-05	-0.000939492966666667	0.00133738933333333	0.00171629966666667
29.4912	0.0283543333333333	0.016184	0.003945119	0.00717758	-0.00175024233333333	-0.00134166933333333	-0.001004981	0.00122534	-0.00188522066666667	-0.00147430366666667	-0.001629942	0.00536811666666667	0.000881835666666666	-0.000875125666666667	-0.001514752	-0.00204054333333333	0.000617174	-0.00100726766666667	-0.000962145333333333	-0.000157285233333333	-0.000647450133333333	0.000240851666666667	0.00117959066666667	0.00180060666666667	0.00154886966666667
32.768	0.0201627866666667	0.0116700433333333	0.00545571333333333	0.00476318	-0.000333883333333333	0.000680476666666667	-7.21703333333333E-05	0.000710281	-0.00327422333333333	-0.00145029486666667	-0.001003465	0.000922359666666667	0.000093335	-0.001029947	0.000352654333333333	0.000625842666666667	0.000922176333333333	0.00123054266666667	-0.00159019666666667	-0.00123380333333333	0.001394642	0.000316977666666667	0.000418966333333333	0.0005234599	0.00234758333333333
36.0448	0.0154280466666667	0.00924766	2.16133333333333E-05	0.00333661666666667	0.00114618366666667	0.000426093333333333	-0.002264402	-0.00258058333333333	-0.00317081	-0.00410489	-0.00169535333333333	0.000477836666666667	0.001370062	-0.000134342033333333	-0.0005514245	-0.00157817	-0.000814176	0.00107917333333333	-0.00000243199999999999	-0.000556877333333333	0.000366285666666667	-0.000587404333333333	-0.000220717666666667	-0.000644209666666667	0.00153976166666667
39.3216	0.0113269666666667	0.00348349333333333	-0.00256490393333333	-0.00285886	0.00529102333333333	-0.0047281	0.00138574133333333	-0.00447804666666667	0.00168182333333333	-0.001705901	-0.000061158	0.000762289266666667	-0.00270565333333333	0.000462009666666667	0.000934812666666667	-0.00175470666666667	0.000095816	0.001106635	-0.000460549	-0.000522274666666667	-0.0017483	0.000420655533333333	-0.000222885333333333	-0.000882478666666667	0.00208793333333333
42.5984	0.0156718666666667	0.000150635666666667	-0.00564883666666667	-0.00651662	0.00707969333333333	0.00191463666666667	0.00305097333333333	0.00302682333333333	-0.001426037	0.0003242114	0.000108099666666667	-0.00265394666666667	0.00147161266666667	-0.000555194	-0.00121683766666667	-0.001754716	0.000853643	0.000174085266666667	0.000745599966666667	-0.000341969333333333	-0.0005533521	-0.00157527666666667	0.000560749666666667	0.0002481227	0.00233462333333333
45.8752	0.01716668	0.00352521433333333	-0.000253669333333334	-0.00898747	-0.00142084866666667	-0.00120729666666667	-0.00307727	-0.00060818638	-0.00105776933333333	0.000731566666666667	0.000232604666666667	0.00279314333333333	0.00100786466666667	0.00156943433333333	0.0031922	0.000298854666666667	-0.00307918	-0.00172122966666667	-0.00136235923333333	0.00190426666666667	-6.92826666666667E-05	-0.00144289166666667	0.0003335046	0.000795333666666667	0.001993074
49.152	0.0104144233333333	0.00430497466666667	0.00127817666666667	-0.00769303666666667	0.000443213666666667	-0.00108347333333333	0.00226797833333333	-0.00279183333333333	-0.000320377233333333	0.002046309	0.000734887633333333	-5.27766666666667E-05	0.00169541	0.00124539833333333	1.76426666666667E-05	0.000969785333333333	-0.000326614333333333	-0.00108488566666667	0.000304017566666667	-0.00100901533333333	-0.00173700233333333	-0.000645537	-0.00165043666666667	0.000515499666666667	-0.000654750033333333
52.4288	0.0116333433333333	0.0108044733333333	0.00565297333333333	-0.00412415666666667	0.00146225633333333	-0.00231946	0.00127979933333333	0.00116654433333333	-0.00134303466666667	-0.000227775333333333	-0.00249969666666667	-0.00104481	-0.000874538666666667	-0.000380193866666667	0.000842110333333333	0.000972809666666667	-0.000689151933333333	-0.000345382	-0.000744906333333333	-0.000282871066666667	-0.00107996766666667	-0.00108041	-0.000924334666666667	-0.000276109433333333	0.00143148166666667
58.9824	0.00819657333333333	0.0203823333333333	0.00945565333333333	-0.00294568	0.00127030066666667	0.00056933	-0.000309121666666667	0.000822518333333333	0.00116025	0.000473827	0.000436222533333333	0.00107048466666667	0.000307092333333333	0.000181412	-8.61703333333333E-05	-0.00080476	0.0003676772	0.000475842966666667	1.64195333333333E-05	-4.38986666666667E-05	-0.000237362	-0.000338125	0.000175865866666667	0.000191618	0.001015562
65.536	-0.004429479	0.0176686333333333	0.00227244333333333	-0.00001607	0.001390089	0.000592890333333333	0.001005844	-0.000277189	0.000370486066666667	-0.001871064	-0.00190093333333333	-0.00137575833333333	-0.000347594666666667	-0.0008178417	-0.000953415333333333	-0.00143898733333333	0.001014377	0.000834363	-0.000297655533333333	0.000009179	-0.0001480214	0.000460788333333333	-0.000020445	0.000952848666666667	0.000471171333333333
72.0896	-0.003411264	0.00985479666666667	-0.00170913	-0.00042752	0.00642055	-0.00357839	0.001105377	-0.000633235	0.000446716666666667	0.00286753	0.00129905466666667	-0.000131399	0.000769653333333333	-0.00171060333333333	-0.000528026	0.001136642	-0.0001444818	-0.000207732333333333	-0.000506918333333333	0.000350051333333333	0.000701431	-0.000782831	-0.000543344	0.000708045666666667	0.00162118
78.6432	0.00679613333333333	0.0107901666666667	-0.002250257909	0.00141904966666667	0.00562556666666667	-0.00392780333333333	-0.000987765833333333	-0.00179423166666667	-0.00070341	0.000284332233333333	-0.001153704	-0.000463028333333333	-0.000537650666666667	-0.000413254666666667	0.000178981	0.00131634	0.000958038333333333	-0.000616242333333333	-2.44229666666667E-05	-0.000867291333333333	0.000903684666666667	0.000549863333333333	-0.00053155	-0.000354052333333333	0.00207267
85.1968	0.00443308466666667	0.0121844	-0.000046023	0.00417717666666667	-0.00181758333333333	-0.00135392	-0.000594730333333333	-0.00310940666666667	0.000848732333333333	0.000481711066666667	4.18286666666667E-05	0.000020559	6.83596666666667E-05	-2.45043333333333E-05	0.000835053666666667	-0.000402732333333333	0.00147618666666667	7.05277666666667E-05	-0.000185152	0.000351295666666667	8.20273333333333E-05	-0.0003530365	0.00051162	-0.001078446	0.00112928066666667
91.7504	-0.000486722666666667	0.00729541	0.00499237666666667	0.000739146333333333	0.00305058666666667	-0.0004166332	-0.00152073966666667	0.001067742	-0.0015548	-0.00246256	-0.001057401	-0.00166035233333333	0.000673695333333333	0.000650064	0.000356686666666667	0.0003738704	-0.000946582666666667	-0.00206994333333333	-0.000352919333333333	-0.000119662333333333	-0.000875731666666667	0.000372112	0.000804495666666667	-0.0000154226	0.000280906
98.304	0.00142316333333333	0.00027426	-0.00096757	0.002983992	-0.001841281	-0.00346480666666667	0.00209596333333333	0.00334914	-0.002060641	0.000116958633333333	-0.00118396953333333	-0.000420217666666667	-0.000659941666666667	-0.000504287	0.00151790633333333	2.82496666666667E-05	0.00111788933333333	-0.0001794529	0.00130164566666667	0.00043382	7.66966333333333E-05	-0.000453461	-0.000702685666666667	0.001228001	0.000310656746666667
104.858	0.00314754333333333	0.001349489	0.00428122013333333	-0.00123240066666667	-0.00238855333333333	-0.00333739333333333	0.000454257333333333	0.00258045	-0.00149620333333333	-0.00172740866666667	-0.000581273	-0.000195468666666667	0.000158309333333333	-0.00103822433333333	-0.000925637	-0.000326536	0.000367068	0.000048121	0.000637395333333333	0.000304553033333333	0.00008742495	-0.0004443782	-0.0001134092	0.000934686333333333	0.000534303733333333
117.965	-0.00876454	0.0143329666666667	-0.002793933	0.000254015333333333	0.00320792333333333	-0.000391362	0.00101385766666667	0.00308922666666667	-0.00143074333333333	0.000116541333333333	-0.000536158666666667	0.000206785333333333	-0.000189533166666667	-0.000401624	-0.000561359	0.000188716	-0.0000013212	2.14279333333333E-05	-0.000516800333333333	-0.000393872333333333	7.67901333333333E-05	1.91139633333333E-05	0.000739478333333333	0.000273458	0.00000858300000000001
131.072	-0.0116371033333333	0.0123783966666667	0.001861904	0.0037136	0.00260478	0.00203168333333333	0.00184263333333333	-0.00291283333333333	0.000070469	-0.000248444666666667	0.000443941	-0.001652379	0.000575254	0.000313704666666667	-0.00068137	-0.000024717	-0.000686870393333333	-0.000149228666666667	-0.000523807333333333	-0.000225436333333333	0.000236398833333333	-0.000227774666666667	0.000686404333333333	0.000060543	0.000454952333333333
144.179	-0.0000643900000000001	0.0118459166666667	0.00878826666666667	0.000750122	0.000768887	0.000224780666666667	6.52443333333333E-05	0.00126010333333333	-0.00017421219	0.00156536933333333	-0.000973352333333333	0.00012154402	-0.000102772666666667	0.000433806333333333	-0.00111160866666667	-0.000668377333333333	0.0001482199	-0.000806734	-0.000878460333333333	-0.000909990333333333	0.000056612	0.000410739	0.000841333	-0.000447894666666667	0.000660451
157.286	0.002871963	0.00212882333333333	0.00346824333333333	-0.000628383333333333	-0.00046889246	0.00124068333333333	-0.000942156	0.00119847266666667	0.001327973	0.00144927	0.000360946833333333	-0.0000137575	4.23505333333333E-05	7.39486666666667E-05	-0.000382022333333333	0.000967522333333333	-3.16901633333333E-05	0.000357434333333333	0.0002729783	0.00024157359	-0.000391197333333333	-0.0000927488	-0.000532642	0.0000825375	0.0000590053
170.394	-0.00243551333333333	0.00604241	0.000691993333333333	0.000770445666666667	0.00151471	-0.00220816666666667	-0.000537029816666667	0.000518646333333333	0.00123275266666667	0.000444909333333333	-0.00114457633333333	-0.00113637833333333	0.000123145433333333	0.000607850666666667	-0.0000796801	0.000163000833333333	9.75917666666667E-05	0.0002483792	0.000281244	-0.000479450666666667	-0.000006040218	-0.000839492333333333	-0.000675037	-0.000615903	9.86993333333333E-05
183.501	0.00803221333333333	0.00121090533333333	-0.000212959333333333	0.00109980333333333	0.00188014666666667	0.000792651666666667	0.00313073033333333	0.000873332666666667	-0.000382675333333333	0.000379960333333333	0.000137228633333333	0.0000632441	0.000450386	-0.000689784	-0.00100079833333333	5.70323333333333E-05	-0.000817104333333333	-0.000251371333333333	0.000488460266666667	0.000409087333333333	0.000597209	3.80676666666667E-05	0.000387229533333333	-0.000682171	0.00104071433333333
196.608	0.00843943666666667	-0.00394717	0.00348764666666667	0.00471986666666667	-0.00244763766666667	-0.0005388407	-0.000541119	0.001979448	-0.00166798066666667	0.000834523666666667	0.000482665333333333	-0.00156991	0.000303325	-0.000441341266666667	-0.00142139333333333	0.000195890566666667	-0.000393510333333333	0.000419231666666667	0.000867756666666667	-0.000968272	0.0000427727	-0.000164168433333333	0.000446809333333333	-0.0003111601	0.000205797
209.715	0.00862023666666667	-0.0110023966666667	-5.09853333333334E-05	0.00265078	0.00031513777	-0.00257172366666667	-0.000188692666666667	0.000233219333333333	-0.000825269933333333	0.001690213	6.18736666666667E-05	-0.000242659666666667	4.71768666666667E-05	0.000154431683333333	-0.000875023333333333	-0.00027835	-0.000399303666666667	0.000119324066666667	0.000445079	-0.000212881	0.000054793	-0.000339765333333333	-0.000499029333333333	-0.000186077466666667	0.000450195333333333
235.93	0.00174390413333333	0.000271544333333333	0.00378896333333333	-0.000398123	-0.000824208666666667	0.00154256666666667	-0.00119993536666667	-0.00154128066666667	0.000198612333333333	0.000900805333333333	-0.000186605333333333	0.000669321666666667	-0.000172276666666667	-4.98843333333333E-05	0.000347465333333333	-0.000756135266666667	0.0001891303	-0.000534987333333333	-3.68250333333333E-05	0.000364513	-3.78270366666667E-05	0.000136348633333333	-0.000320712533333333	0.000555052	0.0006634019
262.144	0.00456617666666667	0.00871757	0.000941952666666667	-0.00473609666666667	-0.00305876	-0.00108315033333333	-0.000385272333333333	-0.000330394066666667	-0.000403791533333333	0.000546941666666667	-0.000334167166666667	-0.000501717	-0.000843573333333333	0.000013939	0.000501718	-0.000452631766666667	-0.0002217621	0.000320239333333333	0.000771085	5.96989666666667E-05	-0.000385324866666667	0.000308214333333333	-5.33475433333333E-05	0.000542892	0.000830004333333333
288.358	0.0118092833333333	-0.000972069666666667	-0.00374998	-0.000644415333333333	-0.00105898926666667	0.0003506003	-4.97610333333333E-05	-0.00054297	0.000469985	0.000525730266666667	-0.000176855333333333	0.0000218022	-0.00053817	0.000216287666666667	0.000831297	0.000177958844333333	-0.000130243233333333	-3.01566666666666E-07	0.000218013	0.000110073566666667	-2.73074333333333E-05	-0.000274140333333333	-0.000885143333333333	-0.000489019666666667	0.000414166666666667
314.573	0.01001074	0.00278463666666667	-0.00326364666666667	-0.000225609366666667	-0.000574210666666667	-0.000140111666666667	-0.000405169	-0.0002937707	0.00117725966666667	-0.000130647933333333	0.001473987	-0.000128952	-0.000540103333333333	-0.000122033166666667	0.0002420139	0.000102761666666667	-6.32597333333333E-05	-0.0001751675	0.000124534333333333	-0.000308369376666667	-0.000122996973333333	0.000430755333333333	6.54780333333333E-05	-0.000416954666666667	0.000506923333333333
340.787	0.00476300333333333	-0.00360202733333333	-0.00226244766666667	-0.0035817	-0.001195557	-0.0001251905	0.000205211266666667	0.001141986	-0.00166191	0.000408360806666667	0.000234043666666667	0.000025472	-0.000582245333333333	-0.000419308333333333	0.000726630666666667	-0.000611722333333333	0.000260250333333333	0.000149149066666667	-0.000176885333333333	-0.000248306	-0.000609844	0.000403924666666667	-0.000453472	6.61530333333333E-05	0.000880278
367.002	-0.00178516466666667	-0.00169825866666667	-0.001672503	-0.00306449	-0.001929355	0.00200285666666667	-0.000569946033333333	0.000605110666666667	1.82036766666667E-05	0.00099206	-0.000397165333333333	0.000259704666666667	0.000124541633333333	-0.000275516126666667	-0.000880842	-0.000394858666666667	-0.000644032333333333	-0.000658319666666667	0.0001255032	-0.000315263333333333	0.000152221666666667	-0.000872	-6.66776266666667E-05	-0.000524570333333333	0.000597095433333333
393.216	0.004738572	0.00343868333333333	-0.00110392833333333	-0.000545677	-0.00259488666666667	-0.000672490666666667	-0.000229348333333333	0.000135776	-0.000463552	0.000320256333333333	-0.000674503666666667	-0.000332446333333333	0.000435991333333333	0.000395258	-0.0001529838	0.000246734666666667	-0.000585262666666667	0.000279353	0.0000444977	0.000229517666666667	-0.0003160092	0.0002128935	-5.91596666666667E-06	0.0000229147	0.000885883666666667
419.43	-0.00086371	-0.00347661833333333	-0.00152984333333333	-0.00327364666666667	-0.00235656	-0.00222852333333333	-0.00111264833333333	-0.0007396399	-0.000333087666666667	0.00141143666666667	-0.000362669566666667	-8.14213333333333E-05	0.000225321	1.16352666666667E-05	-4.65123333333333E-06	-0.000380013666666667	0.000734079333333333	2.03654333333333E-05	-0.000323205133333333	6.47675666666667E-05	-0.000154946533333333	5.18857833333333E-05	0.0001236695	-1.61426333333333E-05	0.000246236666666667
471.859	0.00934805333333333	-0.00554457333333333	-0.000230418	-0.00330338	-0.000375361033333333	-0.00153872633333333	0.000730953333333333	-0.000169835666666667	-0.000265109	0.000294670666666667	-0.000486982666666667	0.00014711	-4.41144333333333E-05	8.27683533333333E-05	0.000233342666666667	0.000282942333333333	0.0000745593	-0.0000800463	0.000297539666666667	-0.0000416266	6.91332066666667E-05	-2.63815166666667E-05	8.63631666666666E-05	-0.000260901033333333	0.000180834233333333
524.288	0.00313133333333333	-0.00613786	-0.0000426099999999999	0.000657866333333333	0.00191896	0.000698657566666667	-6.53210666666667E-05	-0.00218229333333333	0.00130494066666667	0.000163568283333333	0.000815739	-0.000428565333333333	0.000175832333333333	0.000117768	-0.00004249165	-0.000602552333333333	0.0003566337	0.000173451666666667	-3.83261333333333E-05	8.42553333333333E-05	0.000098984786	-3.22149666666667E-05	-0.000111570476666667	7.92219666666667E-05	-0.000167503
576.717	-0.00423992333333333	-0.00790243	-0.000735388	0.000799693333333333	-0.00242441333333333	0.001335884	-0.000378777333333333	0.00111473366666667	-0.00125715666666667	-0.000387689333333333	-0.0000657277	0.00114566933333333	-0.000353428333333333	-0.000103019	-0.000247523458333333	0.000336257	-0.000110378433333333	9.73016666666666E-05	0.000139949966666667	-0.000394173333333333	2.38070333333333E-05	-0.000103173576666667	0.000100068786666667	0.0002621193	0.000558468
629.146	0.00350207666666667	-0.00846023	-0.00283919666666667	0.000619834333333333	0.0005845878	-0.00249439333333333	0.000679639	-0.000776718666666667	0.000259710133333333	0.000623853333333333	-0.000510035666666667	0.0004812705	0.000195741966666667	0.0003143673	0.0000400999	-7.54422666666667E-05	0.000169918933333333	0.000166000366666667	0.0001508152	0.000345750666666667	-1.32164833333333E-05	0.000304764333333333	-0.000147004366666667	-0.000261809	0.000818882666666667
681.574	0.00175010733333333	-0.00865447333333333	-0.0002787942	0.00402895333333333	-0.0014804953	0.00228084333333333	-0.000378570333333333	-0.000315617333333333	0.000440799033333333	0.000162983266666667	-0.000628069333333333	-0.000247450666666667	-8.25557333333333E-05	-0.000212540333333333	-0.000243679	-0.0003099977	-0.000204115733333333	-0.0001522672	-0.000442166833333333	0.000129257566666667	-0.000159672533333333	-0.000155753666666667	-0.000102666666666667	0.000196233893333333	0.000403629
734.003	-0.005107071	0.002640893	-0.00199774666666667	0.00273927666666667	-0.001558198	-0.00120903063333333	-1.71086666666667E-05	1.03913333333333E-06	-0.000145753666666667	-0.000536378	0.000581391	7.97462666666667E-05	-6.41617333333333E-05	-0.0001849437	-0.000237045333333333	-0.000553714333333333	-0.000406829066666667	5.31957333333333E-05	-0.000230179766666667	0.000212668333333333	6.79260666666667E-05	-0.0000844885	-0.0002077154	-5.38416333333333E-05	0.000446380633333333
